{"cameraMode":{"drawMode":0,"name":"Shaded","section":"Shading Mode"},"sceneLighting":false,"audioPlay":false,"sceneViewState":{"showFog":true,"showMaterialUpdate":false,"showSkybox":false,"showFlares":true,"showImageEffects":true,"showParticleSystems":true,"showVisualEffectGraphs":true,"m_FxEnabled":true},"in2DMode":false,"pivot":{"x":-0.020155906677246095,"y":0.8853985071182251,"z":-0.004622936248779297},"rotation":{"x":-0.049515873193740848,"y":0.6795710921287537,"z":-0.0458267517387867,"w":-0.7307051420211792},"size":1.3506640195846558,"orthographic":false}