{"cameraMode":{"drawMode":0,"name":"Shaded","section":"Shading Mode"},"sceneLighting":false,"audioPlay":false,"sceneViewState":{"showFog":true,"showMaterialUpdate":false,"showSkybox":false,"showFlares":true,"showImageEffects":true,"showParticleSystems":true,"showVisualEffectGraphs":true,"m_FxEnabled":true},"in2DMode":false,"pivot":{"x":-0.015808559954166414,"y":-0.0023467126302421095,"z":0.0325690396130085},"rotation":{"x":-0.048203229904174808,"y":0.6829288601875305,"z":-0.045041609555482867,"w":-0.7277233004570007},"size":0.018534064292907716,"orthographic":false}