{"cameraMode":{"drawMode":0,"name":"Shaded","section":"Shading Mode"},"sceneLighting":false,"audioPlay":false,"sceneViewState":{"showFog":true,"showMaterialUpdate":false,"showSkybox":false,"showFlares":true,"showImageEffects":true,"showParticleSystems":true,"showVisualEffectGraphs":true,"m_FxEnabled":true},"in2DMode":false,"pivot":{"x":-0.10396957397460938,"y":1.8998312950134278,"z":0.011633634567260743},"rotation":{"x":0.08980829268693924,"y":-0.23704974353313447,"z":0.022718258202075959,"w":0.9677405953407288},"size":4.057461738586426,"orthographic":false}